City,Colors Reported,Shape Reported,State,Time
Ithaca,,TRIANGLE,NY,6/1/1930 22:00
Willingboro,,OTHER,NJ,6/30/1930 20:00
Holyoke,,OVAL,CO,2/15/1931 14:00
Abilene,,DISK,KS,6/1/1931 13:00
New York Worlds Fair,,LIGHT,NY,4/18/1933 19:00
Valley City,,DISK,ND,9/15/1934 15:30
Crater Lake,,CIRCLE,CA,6/15/1935 0:00
Alma,,DISK,MI,7/15/1936 0:00
Eklutna,,CIGAR,AK,10/15/1936 17:00
Hubbard,,CYLINDER,OR,6/15/1937 0:00
Fontana,,LIGHT,CA,8/15/1937 21:00
Waterloo,,FIREBALL,AL,6/1/1939 20:00
Belton,RED,SPHERE,SC,6/30/1939 20:00
Keokuk,,OVAL,IA,7/7/1939 2:00
Ludington,,DISK,MI,6/1/1941 13:00
Forest Home,,CIRCLE,CA,7/2/1941 11:30
Los Angeles,,,CA,2/25/1942 0:00
Hapeville,,,GA,6/1/1942 22:30
Oneida,,RECTANGLE,TN,7/15/1942 1:00
Bering Sea,RED,OTHER,AK,4/30/1943 23:00
Nebraska,,DISK,NE,6/1/1943 15:00
,,,LA,8/15/1943 0:00
,,LIGHT,LA,8/15/1943 0:00
Owensboro,,RECTANGLE,KY,10/15/1943 11:00
Wilderness,,DISK,WV,1/1/1944 10:00
San Diego,,CIGAR,CA,1/1/1944 12:00
Wilderness,,DISK,WV,1/1/1944 12:00
Clovis,,DISK,NM,4/2/1944 11:00
Los Alamos,,DISK,NM,6/1/1944 12:00
Ft. Duschene,,DISK,UT,6/30/1944 10:00
South Kingstown,,SPHERE,RI,7/1/1944 20:00
North Tampa,,CYLINDER,FL,7/15/1944 13:00
Ft. Lee,,CIGAR,VA,1/1/1945 12:00
Salinas AFB,,DISK,CA,6/1/1945 12:00
Jasper,,FIREBALL,FL,6/1/1945 13:30
Winston-Salem,,DISK,NC,6/7/1945 7:00
Portsmouth,RED,FORMATION,VA,7/10/1945 1:30
Dallas,,SPHERE,TX,7/15/1945 14:00
Huntington Beach,,DISK,CA,8/8/1945 12:00
San Antonio,,OVAL,NM,8/16/1945 11:30
Roswell,,SPHERE,NM,12/15/1945 2:00
New York City,,DISK,NY,1/8/1946 2:00
Merced,,SPHERE,CA,2/1/1946 17:00
Alice,,DISK,TX,3/15/1946 15:30
Blairsden,GREEN,SPHERE,CA,6/30/1946 19:00
Index,,FIREBALL,WA,6/30/1946 21:00
South Portland,,OVAL,ME,7/1/1946 13:30
Oak Lawn,,FORMATION,IL,9/12/1946 0:00
Dome,,FLASH,AZ,9/30/1946 20:30
Conroe,,OTHER,TX,1/10/1947 20:00
Syracuse,,DISK,NY,2/20/1947 22:15
Miami,,OTHER,FL,4/15/1947 14:00
San Deigo,,TRIANGLE,CA,4/15/1947 23:00
Minden,,,LA,6/1/1947 0:00
Cleveland,,LIGHT,OH,6/1/1947 2:30
Espanola,,CIRCLE,NM,6/1/1947 17:00
Oroville,,,CA,6/1/1947 18:00
Oakmont,,,PA,6/13/1947 20:18
Winona,,DISK,MN,6/15/1947 10:00
Gackle,,OTHER,ND,6/15/1947 14:00
Madison,,DISK,WI,6/15/1947 18:00
Hayward,,CIRCLE,CA,6/20/1947 12:00
Tacoma,,OTHER,WA,6/30/1947 0:00
Baltimore,,OVAL,MD,6/30/1947 18:00
Cashmere,,FORMATION,WA,7/1/1947 20:00
Maywood,,DISK,CA,7/1/1947 20:00
Wexford,BLUE,,PA,7/1/1947 20:00
Sioux Falls,,,SD,7/4/1947 0:00
Seattle,,OVAL,WA,7/4/1947 17:30
Dell Rapids,,,SD,7/5/1947 0:00
Philadelphia,,DISK,PA,7/5/1947 11:30
Roswell,,,NM,7/7/1947 0:00
Johnston City,,DISK,IL,7/9/1947 20:00
Roswell,,,NM,7/11/1947 0:00
Syracuse,,CIGAR,NY,7/14/1947 10:30
Richmond,,CIRCLE,CA,7/14/1947 11:00
Las Vegas,,DISK,NV,7/15/1947 10:00
Keeneyville,,FORMATION,IL,7/15/1947 12:00
Clintwood,,CYLINDER,VA,7/15/1947 15:00
Hazelton,,DISK,ID,7/15/1947 15:00
Minneapolis,,DISK,MN,7/15/1947 17:00
Morehouse,,CYLINDER,MO,7/15/1947 21:00
San Jose,BLUE,CHEVRON,CA,7/15/1947 21:00
Raton,,OVAL,NM,7/20/1947 22:00
Modesto,BLUE,DISK,CA,8/8/1947 22:00
Green Valley,,,WI,8/10/1947 20:00
Henrietta,,LIGHT,OK,8/12/1947 1:00
Saranac Lake,,DISK,NY,8/12/1947 22:00
Proctor,,CIGAR,OK,8/15/1947 20:15
Whitmore Lake,,CIGAR,MI,12/24/1947 21:00
Kelseyville,,DISK,CA,4/30/1948 12:00
Scipio,RED,SPHERE,IN,5/10/1948 19:00
Borger,,DISK,TX,6/15/1948 16:00
Baltimore,,OVAL,MD,6/30/1948 0:00
Jim Ridge,,,WV,6/30/1948 8:00
Ojai,,LIGHT,CA,7/15/1948 22:00
New York City,,CIRCLE,NY,8/1/1948 2:00
Conshohocken,,OVAL,PA,8/15/1948 12:00
Sharpsburg,,CIRCLE,MD,12/12/1948 23:30
Seattle,,DISK,WA,4/10/1949 15:00
Oak Ridge,,OTHER,WV,5/1/1949 14:00
Grays,,LIGHT,SC,5/15/1949 6:30
Los Angeles,,CIRCLE,CT,6/4/1949 10:00
Anchorage,,DISK,AK,6/10/1949 21:00
Knoxville,,OTHER,TN,6/30/1949 15:00
Salem,,CIGAR,OR,6/30/1949 21:00
Fairbanks,,DISK,AK,7/1/1949 11:00
Marion,,FORMATION,AL,7/1/1949 16:00
Booneville,,,MS,7/15/1949 20:30
Excelsior,,CIRCLE,MN,8/15/1949 0:00
Mill Valley,,LIGHT,CA,8/15/1949 21:00
Tarrant City,ORANGE,CIRCLE,AL,8/15/1949 22:00
Steilacoom,,DISK,WA,8/25/1949 19:00
Mt Gilead,,CIRCLE,OH,9/15/1949 21:00
Post,,DISK,TX,9/15/1949 21:00
San Marcos,,CYLINDER,TX,10/10/1949 20:30
Lackland AFB,,LIGHT,TX,10/10/1949 21:00
Baltimore,,CIGAR,MD,10/15/1949 20:00
Mount Hope,,,WV,1/1/1950 22:00
New York City,,OVAL,NY,1/2/1950 0:00
Roswell,RED,,NM,3/22/1950 0:00
Arkansas,,DISK,AR,4/15/1950 8:00
Waynesborough,,DISK,VA,4/15/1950 14:00
Fort Lewis,,TRIANGLE,WA,5/12/1950 14:00
Crowder,,,MS,6/1/1950 0:00
Philadelphia,,DISK,MS,6/1/1950 16:00
Pittsburgh,,OVAL,PA,6/1/1950 20:00
Kensington,,OVAL,MD,6/7/1950 20:00
Kansas City,,DISK,MO,6/8/1950 10:00
Napa,GREEN,DISK,CA,6/10/1950 0:00
Grosse Pointe Park,,OVAL,MI,6/15/1950 13:00
Bonifay,,DISK,FL,6/15/1950 20:00
Fort Worth,,DISK,TX,6/15/1950 20:00
Booneville,,DISK,MS,6/20/1950 10:00
Galveston,,SPHERE,TX,6/20/1950 17:00
Lac Du Flambeau,,DISK,WI,6/30/1950 16:00
Florence,,DISK,CO,6/30/1950 17:30
Florence,,LIGHT,CO,6/30/1950 17:30
Coeur d'Alene,ORANGE,CIGAR,ID,7/2/1950 13:00
Bay St. Louis,,LIGHT,MS,7/2/1950 21:00
East Palestine,,LIGHT,OH,7/10/1950 20:30
Newark,,SPHERE,NJ,7/15/1950 21:30
Los Padres National Forest,,FORMATION,CA,7/15/1950 23:00
Smithport,,DISK,PA,7/20/1950 21:30
Louisville,,OTHER,KY,8/1/1950 4:00
Stanfield,,DISK,OR,8/15/1950 14:00
Pikeville,,DISK,KY,10/1/1950 11:00
Sandy Hook,,TRIANGLE,NJ,10/15/1950 15:00
Half Moon Bay,,OTHER,CA,12/12/1950 22:00
Palm Springs,,CIGAR,CA,1/20/1951 4:30
Thompsonville,,DISK,CT,2/3/1951 22:00
Los Angeles,,DISK,CA,2/15/1951 11:00
Irving,BLUE,DISK,KS,4/15/1951 0:30
Fort Sill,,OVAL,OK,5/15/1951 3:00
Oklahoma,,CIGAR,OK,6/1/1951 19:00
Jasper,,OVAL,NC,6/3/1951 13:00
Mount Pinos,,DISK,CA,6/6/1951 2:00
Greenville,GREEN,DISK,MS,6/15/1951 20:30
Jackson Heights,,DISK,NY,6/30/1951 7:00
Birmingham,,,AL,6/30/1951 19:00
Otis Orchards,,DISK,WA,7/1/1951 3:00
Atlanta,,,GA,7/1/1951 14:00
Calaveras County,,DISK,CA,7/3/1951 3:00
Green River,GREEN,SPHERE,WY,7/3/1951 12:00
Provo,BLUE,DISK,UT,7/10/1951 23:30
Spokane Valley,,SPHERE,WA,7/15/1951 14:00
Sunland,,CIRCLE,CA,8/10/1951 1:00
Altoona,,DISK,PA,8/15/1951 13:00
Jacksonville,,DISK,FL,10/15/1951 20:00
Holloman AFB,,CIRCLE,NM,11/15/1951 6:00
Salt Lake City,,,UT,1/1/1952 0:00
Binghamton,,DISK,NY,2/10/1952 21:00
Nellis AFB,,DISK,NV,2/17/1952 18:00
Chicago,,DISK,IL,4/15/1952 13:00
Greenville,ORANGE,TRIANGLE,TX,4/15/1952 16:00
Pittsburgh,,CYLINDER,PA,5/15/1952 10:15
Allyn,,DISK,WA,5/15/1952 20:00
Dousman,,,WI,6/1/1952 11:00
Norfolk,RED,FIREBALL,VA,6/1/1952 22:00
Evergreen,,DISK,CO,6/6/1952 13:00
Chicago,,CIRCLE,IL,6/10/1952 12:00
Fortville,,DISK,IN,6/13/1952 7:30
Luke Airforce Base,,EGG,AZ,6/15/1952 0:00
Piedra Blanka,,CIGAR,CA,6/15/1952 0:00
Jacksonville,,TRIANGLE,FL,6/15/1952 21:00
Maywood,,CIRCLE,CA,6/15/1952 23:00
Lansing,,OTHER,MI,6/21/1952 22:00
Chester,,OVAL,PA,6/22/1952 17:45
Cheyenne,,DISK,WY,6/30/1952 0:00
Pecos,,DISK,TX,6/30/1952 3:00
Barksdale AFB,,,LA,6/30/1952 6:00
Miami,,LIGHT,FL,6/30/1952 9:00
New York City,,DISK,NY,6/30/1952 13:00
Auburn,,OVAL,WA,6/30/1952 18:30
Miami,,DISK,FL,6/30/1952 21:00
Miami,,DISK,FL,6/30/1952 21:00
Miami,,LIGHT,FL,6/30/1952 21:00
Sebeka,,OTHER,MN,7/1/1952 15:00
Detroit,,SPHERE,MI,7/1/1952 22:00
Tacoma,,SPHERE,WA,7/5/1952 16:00
Evergreen,,CIRCLE,CO,7/7/1952 10:00
Arlington,,DISK,TX,7/7/1952 13:00
Arlington,GREEN,OVAL,VA,7/13/1952 21:00
Wilmington,,DISK,CA,7/15/1952 12:00
,,DISK,CA,7/15/1952 12:30
Litchfield,,OTHER,PA,7/15/1952 13:00
South Gate,,CIRCLE,CA,7/15/1952 14:00
North Bend,,OTHER,WA,7/15/1952 18:30
New York City,,OTHER,NY,7/15/1952 19:00
Okolona,,OVAL,MS,7/22/1952 9:30
Tacoma,,SPHERE,WA,7/25/1952 16:00
Manville,,SPHERE,RI,7/30/1952 15:00
Tampa,,OVAL,FL,8/1/1952 21:30
Smithson's Valley,,CIGAR,TX,8/15/1952 17:00
Prairie Grove,,DISK,AR,8/15/1952 17:30
Hamilton,,LIGHT,OH,8/15/1952 22:15
Philadelphia,,CIRCLE,PA,9/9/1952 20:00
Norridgewock,,DISK,ME,9/15/1952 14:00
Kansas City,,DISK,MO,10/1/1952 12:00
Richland,,CIRCLE,WA,10/15/1952 21:00
Chicago,,OTHER,IL,12/6/1952 19:00
Camp McCoy,,CYLINDER,WI,12/30/1952 12:00
Nebraska,,,NE,1/1/1953 0:00
Oklahoma,,CIGAR,TX,1/1/1953 14:00
Palm Springs,,,CA,3/15/1953 0:00
Haverhill,,CHEVRON,MA,4/1/1953 15:00
Cambridge,RED,SPHERE,MA,4/1/1953 18:00
Chariton,,OTHER,IA,4/10/1953 13:00
Los Angeles,,FIREBALL,CA,4/15/1953 12:00
Midwest City,YELLOW,FIREBALL,OK,4/15/1953 16:00
Jamison,,CIGAR,PA,4/30/1953 16:00
Kingman,,,AZ,5/20/1953 8:00
Fresno,,,CA,6/1/1953 21:00
Roswell,,,NM,6/15/1953 0:00
Wenatchee,,DISK,WA,6/15/1953 12:00
Fort Worth,,SPHERE,TX,6/15/1953 13:00
North Bend,,CIRCLE,WA,6/15/1953 18:00
Galveston,,CIGAR,TX,6/17/1953 7:30
Cleveland,RED,FIREBALL,OH,6/30/1953 0:00
Kelso,,OVAL,WA,6/30/1953 15:00
Colorado Springs,,DISK,CO,7/1/1953 5:30
,BLUE,DISK,MT,7/4/1953 14:00
Ogallala,,OTHER,NE,7/4/1953 21:00
Nashville,,CYLINDER,TN,7/15/1953 13:00
Dublin,,CONE,IN,7/17/1953 22:00
Berkeley,,FIREBALL,MO,8/1/1953 12:00
"San Bernadino Mtns, Church Camp",,DISK,CA,8/1/1953 14:00
Vallejo,,LIGHT,CA,8/7/1953 21:00
Louisville,,CIRCLE,KY,8/15/1953 11:00
Artesia,ORANGE,OTHER,NM,8/15/1953 19:00
Bowleys Quarters,,SPHERE,MD,8/15/1953 21:00
Homer,,,PA,9/15/1953 14:00
Mauriceville,,DISK,TX,10/15/1953 14:00
New Orleans,,OVAL,LA,10/31/1953 19:00
Cicero,,OTHER,IL,11/13/1953 20:00
Keansburg,,CIRCLE,NJ,11/15/1953 3:00
Pendleton,GREEN,DISK,IN,11/21/1953 22:30
Lackland Air Force Base,,DISK,TX,11/25/1953 4:25
Brunswick,,,ME,1/1/1954 0:00
Lakeland,,DISK,FL,1/1/1954 1:00
Souix City,,CIRCLE,IA,1/1/1954 22:00
Santa Monica,,LIGHT,CT,1/15/1954 20:00
Fairbanks,,,AK,2/1/1954 2:00
Burney,,DISK,CA,2/15/1954 19:30
Stanford Campus,,DISK,CA,4/1/1954 22:00
Corvallis,,DIAMOND,OR,5/15/1954 12:00
Quincy,,DISK,IL,5/26/1954 4:30
Houston,,DISK,TX,6/1/1954 0:00
Ovid,,DISK,NY,6/1/1954 6:00
Springfield,,CYLINDER,IL,6/1/1954 8:00
El Cerrito,,LIGHT,CA,6/1/1954 19:00
Toledo,,DISK,OH,6/1/1954 19:00
Norfolk,,DISK,VA,6/1/1954 20:00
Philadelphia,,DISK,PA,6/1/1954 20:00
Fish Canyon,,LIGHT,CA,6/1/1954 23:00
Atlanta,,DISK,GA,6/6/1954 10:00
Estes Park,,CIGAR,CO,6/10/1954 20:00
Glenburn,,,ME,6/11/1954 2:00
Palm Beach,,LIGHT,CA,6/15/1954 11:00
Claymont,,DISK,DE,6/15/1954 11:45
Ellington AFB,,DISK,TX,6/15/1954 16:30
Lorton,,OTHER,VA,6/23/1954 2:00
Langley Air Force Base,,CIRCLE,VA,6/23/1954 23:00
Thrifty,,CIRCLE,TX,6/25/1954 3:30
Marion,,CIRCLE,VA,6/30/1954 0:00
Methuen,,,MA,6/30/1954 0:00
Hawthorne,,LIGHT,CA,6/30/1954 12:00
Pasadena,,CIRCLE,CA,6/30/1954 15:00
St. Louis Airport,RED,OVAL,MO,7/1/1954 21:00
Los Angeles,RED,CIRCLE,CA,7/1/1954 22:00
Walnut Creek,,,CA,7/7/1954 20:00
West Columbia,,FORMATION,SC,7/7/1954 22:00
Morroco,,VARIOUS,IN,7/12/1954 17:30
Philadelphia,,DISK,PA,7/15/1954 11:00
Greenfield,,CIGAR,IN,7/15/1954 14:00
Kansas City,,CHEVRON,KS,7/15/1954 21:00
Oakdale,,DISK,NY,7/15/1954 21:00
Bridge Hampton,,LIGHT,NY,7/15/1954 22:00
Farmingdale,,OVAL,NY,8/1/1954 12:00
Dyer,,TRIANGLE,IN,8/1/1954 17:00
Canton,,DISK,PA,8/1/1954 21:00
North Hollywood,,LIGHT,CA,8/1/1954 22:00
Puyallup,,OVAL,WA,8/15/1954 21:00
Geneva,,DISK,NY,9/1/1954 13:00
Beaumont,RED,DISK,TX,9/9/1954 12:30
Palmer Township,,OTHER,PA,9/15/1954 9:30
Flatwoods,,CIRCLE,WV,10/1/1954 19:00
Blanco,,OTHER,TX,10/15/1954 16:30
Manistee,,CIRCLE,MI,10/15/1954 21:30
Denver,,FIREBALL,CO,11/1/1954 18:30
Thelma,,DISK,TX,11/14/1954 1:00
Red Bank,ORANGE,CIRCLE,NJ,12/15/1954 23:10
Yucaipa,,OVAL,CA,12/16/1954 16:50
New York City,,LIGHT,NY,2/15/1955 19:00
Holbrook,YELLOW,EGG,MA,5/1/1955 15:00
Warrington,,FIREBALL,FL,5/15/1955 3:00
Homaland,,CIRCLE,CA,6/1/1955 0:00
Bagley,,CIRCLE,MN,6/1/1955 2:00
Cincinnati,,DISK,OH,6/1/1955 15:29
Martinez,,CIRCLE,CA,6/1/1955 17:00
Clinton,,EGG,TN,6/1/1955 20:30
Pensacola,,LIGHT,FL,6/6/1955 1:00
South St. Paul,,DISK,MN,6/15/1955 0:00
Terre Haute,ORANGE,CIRCLE,IN,6/15/1955 0:00
Missouri,,LIGHT,MO,6/15/1955 4:30
Youngstown,,,PA,6/15/1955 8:00
Daytona Beach,,FIREBALL,FL,6/15/1955 21:00
Rantoul,,LIGHT,IL,6/17/1955 7:00
Beach Haven Park,,DISK,NJ,6/23/1955 7:00
Quartz Hill,,DISK,CA,6/30/1955 0:00
Lubbock,,CIGAR,TX,6/30/1955 13:00
Dumas,,LIGHT,TX,6/30/1955 21:00
Morehead City,,DISK,NC,6/30/1955 21:00
Carnation,,DISK,WA,7/1/1955 14:00
Dierks,,CIGAR,AR,7/1/1955 22:00
Woodland Park,,OVAL,CO,7/15/1955 14:00
Ringold,,LIGHT,LA,7/15/1955 22:00
Newtown Square,,CIRCLE,PA,8/6/1955 19:00
Independence,,FIREBALL,MO,8/8/1955 1:00
Madisonville,,LIGHT,KY,8/14/1955 1:00
Eagle Pass,,CIGAR,TX,8/15/1955 0:01
Covina,,DISK,CA,8/17/1955 21:00
Bullhead,,DISK,AZ,9/10/1955 23:00
Mono Lake,,CIRCLE,CA,10/1/1955 22:00
West Covina,GREEN,,CA,10/9/1955 18:00
Rhinebeck,,LIGHT,NY,10/15/1955 20:00
Weirton,,DISK,WV,1/1/1956 5:30
Petaluma,,OVAL,CA,3/1/1956 13:00
Bowie,,DISK,MD,3/20/1956 20:00
Hampton,,SPHERE,MN,3/22/1956 17:30
Canton,,CIGAR,OH,5/1/1956 12:00
Pine castle AFB,,LIGHT,FL,5/15/1956 20:00
Ada,,CIRCLE,OK,5/17/1956 10:22
Belton,,OTHER,MO,6/1/1956 19:00
Memphis,ORANGE,CYLINDER,TN,6/1/1956 20:00
Elmore,,SPHERE,AL,6/5/1956 0:00
Salt Lake City,,CIRCLE,UT,6/5/1956 0:00
Upper Glade,,EGG,WV,6/6/1956 12:00
Akron,,OTHER,OH,6/6/1956 22:00
Edroy,,,TX,6/15/1956 1:00
San Francisco,,OTHER,CA,6/15/1956 12:15
Palo Alto,,FIREBALL,CA,6/15/1956 18:00
Richfield Springs,,CIGAR,NY,6/15/1956 18:00
Vista,ORANGE,CIGAR,CA,6/15/1956 19:15
Farragut,,CIGAR,TN,6/15/1956 20:00
Tulsa,,FLASH,OK,6/15/1956 20:00
Salem,,DISK,NJ,6/15/1956 20:32
New York City,,LIGHT,NY,6/15/1956 21:00
Cincinnati,,DISK,OH,6/16/1956 13:00
Madera,,SPHERE,CA,6/24/1956 14:00
Willow Grove,,LIGHT,PA,6/30/1956 1:00
Cape Girardeau,,DIAMOND,MO,6/30/1956 13:00
New Brunswick,,DISK,NJ,6/30/1956 16:00
Houston,,TRIANGLE,TX,6/30/1956 18:30
Beatrice,,OTHER,NE,7/1/1956 16:00
Wichita,,,KS,7/12/1956 19:00
Sacramento,,DISK,CA,7/14/1956 19:30
East Hampton,,DISK,CT,7/15/1956 0:00
Yellowstone Park,,DISK,WY,7/15/1956 0:00
Sugarcreek,,DISK,OH,7/15/1956 5:00
Harvard,,,MA,8/1/1956 20:00
Bradford,YELLOW,SPHERE,AL,8/1/1956 23:30
Norfolk,,CIGAR,VA,9/9/1956 5:55
Middle River,BLUE,CIRCLE,MD,9/15/1956 20:00
Hope,,CIRCLE,AR,9/20/1956 16:00
Greenwich,,LIGHT,CT,9/21/1956 0:00
Newport,,RECTANGLE,NH,10/1/1956 19:00
Edna,,CIRCLE,TX,10/10/1956 21:00
Mt. Vernon,,DISK,IN,10/15/1956 21:30
Aberdeen,ORANGE,CIRCLE,SD,11/15/1956 18:30
Painsville,,RECTANGLE,OH,11/27/1956 22:00
Columbus,,FORMATION,OH,12/1/1956 23:00
Dallas,,,TX,1/1/1957 21:00
Jena,,SPHERE,LA,3/5/1957 19:30
Fort Devans,,OVAL,MA,3/7/1957 4:00
Los Angeles,,FORMATION,CA,3/15/1957 13:00
Los Angeles,,DISK,CA,3/15/1957 15:00
Canton,,CIGAR,OH,5/1/1957 12:00
Rhinebeck,,DIAMOND,NY,5/25/1957 13:00
Union Bower are irving,,FORMATION,TX,6/1/1957 0:00
El Paso,,DISK,TX,6/1/1957 10:00
E. Los Angeles,,LIGHT,CA,6/1/1957 12:00
Glens Falls,,DISK,NY,6/1/1957 20:00
Irving,,LIGHT,TX,6/1/1957 22:00
Hicksville,,CIRCLE,NY,6/6/1957 22:00
Green Lake,,OVAL,MI,6/12/1957 19:00
Livermore Falls,,DIAMOND,ME,6/14/1957 10:00
Great Falls,,,MT,6/15/1957 0:00
Hartford City,,DISK,IN,6/15/1957 13:00
Walled Lake,,CYLINDER,MI,6/15/1957 23:30
San Leandro,,LIGHT,CA,6/19/1957 21:00
Lubbock,,TRIANGLE,TX,6/21/1957 17:00
Norwalk,,DISK,CA,6/21/1957 19:30
Arctic,,CIGAR,AK,6/30/1957 0:00
Dallas,,OTHER,TX,6/30/1957 0:00
Birmingham,,,MI,6/30/1957 3:30
New York City,,TEARDROP,NY,6/30/1957 12:00
Burlington,,CIRCLE,IA,6/30/1957 13:00
Russellville,ORANGE,SPHERE,AR,6/30/1957 18:00
Barker,,DISK,NY,6/30/1957 20:00
Albany,,CIRCLE,CA,6/30/1957 21:00
Mullens,,OVAL,WV,7/1/1957 13:00
Talcott,,SPHERE,WV,7/1/1957 13:00
Del Rio,,CIGAR,TX,7/1/1957 20:00
Phillipsburg,,CIGAR,NJ,7/10/1957 20:00
Baltimore,,OTHER,MD,7/10/1957 22:00
Chesapeake,,DISK,OH,7/13/1957 9:00
Temple City,,LIGHT,CA,7/15/1957 12:00
Houston,,DIAMOND,TX,7/15/1957 13:00
Williamsport,,CIGAR,PA,7/15/1957 14:00
Long Beach,,DISK,CA,7/15/1957 15:00
Denver,,LIGHT,CO,7/15/1957 22:00
Kresgeville,,,PA,7/15/1957 22:00
Salt  Lake City,,DISK,UT,7/15/1957 22:00
Kansas City,RED,LIGHT,MO,7/15/1957 23:30
Arco,,DISK,ID,8/1/1957 12:00
Vandalia,,DISK,OH,8/3/1957 20:00
Bainbridge,,FIREBALL,MD,8/4/1957 2:00
Indianapolis,,LIGHT,IN,8/7/1957 1:00
San Diego,,DISK,CA,8/9/1957 0:30
Ticonderoga,,DISK,NY,8/14/1957 16:00
California,,FIREBALL,CA,8/14/1957 21:00
Longview,,TRIANGLE,WA,8/15/1957 1:00
Ludlow,,CIGAR,MA,8/15/1957 1:00
Exeter,,DISK,NH,8/15/1957 21:00
Auburn,,,MA,8/15/1957 21:30
Smith's Ferry,,DISK,ID,8/16/1957 21:30
Huntington,,TRIANGLE,IN,8/17/1957 23:00
Graham,,SPHERE,TX,9/1/1957 16:00
Brecksville,,CIRCLE,OH,9/1/1957 23:00
Los Gatos,,DISK,CA,9/5/1957 17:30
St. Paul,,DISK,MN,9/10/1957 19:15
El Paso,,DISK,TX,9/15/1957 4:00
Lake Jackson,,FIREBALL,TX,9/15/1957 21:30
Tacoma,,DISK,WA,9/15/1957 23:00
Hopkinsville,,CIGAR,KY,9/20/1957 0:00
Nelchina,,,AK,10/1/1957 16:00
Martelle,,CIGAR,IA,10/1/1957 20:30
Paterson,,DISK,NJ,10/1/1957 21:00
Northeast Cape AFS,,,AK,10/1/1957 22:00
St. Paul,,LIGHT,MN,10/5/1957 19:00
England,,DISK,AR,10/15/1957 1:45
New York City,,,NY,10/15/1957 2:00
Houston,,LIGHT,TX,10/15/1957 20:30
Commerce City,,FIREBALL,CO,10/15/1957 22:00
Teaneck,,CYLINDER,NJ,11/10/1957 17:00
Corpus Christi,,LIGHT,TX,11/10/1957 19:00
St Lawrence Island,,OTHER,AK,11/10/1957 20:00
Madison,,CIGAR,WI,12/28/1957 0:00
Madison,,CIGAR,WI,12/28/1957 0:00
Pep,,FIREBALL,TX,1/1/1958 22:00
Howell,,CIGAR,MI,2/15/1958 2:30
Winooski,,OVAL,VT,4/17/1958 21:30
Winooski,,OVAL,VT,4/17/1958 21:30
Palmer Park,,SPHERE,MD,5/5/1958 20:00
North Hollywood,,CIRCLE,CA,5/7/1958 10:00
Cincinnati,,DIAMOND,OH,5/16/1958 0:00
North Hollywood,,SPHERE,CA,5/20/1958 0:00
Middlesex,,CIRCLE,NC,6/1/1958 2:00
San Francisco,,OVAL,CA,6/1/1958 19:00
New York City,,OVAL,NY,6/1/1958 21:00
Timpson,,LIGHT,TX,6/1/1958 22:00
Grand Island,,CIRCLE,NE,6/1/1958 22:30
Cincinnati,,DIAMOND,OH,6/6/1958 9:30
Baldwin Park,,CIGAR,CA,6/10/1958 12:00
Florala ?,,DISK,AL,6/15/1958 0:00
Mountain View,,OTHER,MO,6/15/1958 0:00
Coffeyville,,CIGAR,KS,6/15/1958 15:00
Yonkers,,LIGHT,NY,6/15/1958 15:00
Menlo Park,,LIGHT,CA,6/15/1958 19:15
Houston,,DISK,TX,6/15/1958 20:00
Oklahoma,,LIGHT,OK,6/15/1958 22:00
Pawnee,,,OK,6/15/1958 23:00
Pawnee,,LIGHT,OK,6/15/1958 23:00
Silverdale,,CYLINDER,WA,6/30/1958 12:00
Conyers,,TEARDROP,GA,6/30/1958 13:00
Camden,,DISK,ME,6/30/1958 16:00
Fort Worth,,DISK,TX,6/30/1958 20:00
Durham,,LIGHT,KS,6/30/1958 21:30
Thibodaux,,FIREBALL,LA,6/30/1958 23:00
Osmond,,,NE,7/1/1958 4:48
Muncie,,,IN,7/1/1958 21:00
Cheektowaga,,TEARDROP,NY,7/10/1958 9:00
Woodland Hills,,LIGHT,FL,7/10/1958 17:00
no data,,DISK,UT,7/11/1958 23:00
Novato,,DISK,CA,7/15/1958 17:30
Rock Springs,,DISK,WY,7/20/1958 21:30
Randallstown,,TRIANGLE,MD,7/30/1958 22:00
Derby,,DISK,CT,8/1/1958 19:00
Scarborough,,DISK,ME,8/8/1958 15:00
Bellevue,,LIGHT,WA,8/10/1958 21:30
Monroe,,OVAL,GA,8/15/1958 14:00
Fargo,,DISK,ND,9/1/1958 20:00
Perry,RED,TRIANGLE,IA,9/1/1958 21:00
Arthur,,,ND,9/7/1958 19:00
Ashland,,CIRCLE,KY,9/14/1958 19:30
Davis Jct.,,FIREBALL,IL,9/20/1958 22:20
Phelps County,,DISK,NE,9/25/1958 19:00
St. Paul,,OTHER,MN,10/20/1958 21:00
Terrebonne,,,OR,10/25/1958 20:00
Riverside,,LIGHT,IL,10/30/1958 1:00
Greenville,,DISK,RI,11/15/1958 22:30
Milwaukee,,DISK,WI,11/25/1958 23:00
South San Francisco,,DISK,CA,1/10/1959 18:30
New York City,,,NY,3/1/1959 23:00
Miami,,SPHERE,FL,4/1/1959 1:00
Mendham,,DISK,NJ,4/15/1959 21:00
Baden,,CYLINDER,PA,4/26/1959 19:00
Columbus,,LIGHT,OH,5/1/1959 18:30
El Sobrante,YELLOW,CIRCLE,CA,5/5/1959 9:00
Evanston,,,IL,5/15/1959 4:00
Cincinnati,,DISK,OH,5/30/1959 17:00
Wabash River,,CIRCLE,IN,6/1/1959 8:00
Nashville,,,TX,6/1/1959 12:00
Orange,,CYLINDER,CT,6/1/1959 12:00
Sidney,,LIGHT,OH,6/1/1959 18:30
Nelson,,CIGAR,NE,6/1/1959 22:00
Arvada,,CIRCLE,CO,6/5/1959 13:00
Monroe,,,MI,6/10/1959 13:00
Missoula,,,MT,6/15/1959 1:00
Minneapolis,,OTHER,MN,6/15/1959 8:30
Campbell,,DISK,CA,6/15/1959 10:00
Buffalo,,LIGHT,WV,6/15/1959 23:00
Minneapolis,,FORMATION,MN,6/23/1959 22:00
Globe,,RECTANGLE,AZ,6/28/1959 13:00
Campbellsport,,CIRCLE,WI,6/30/1959 14:00
New York City,,OVAL,NY,6/30/1959 20:00
Phoenix,,DISK,AZ,6/30/1959 21:00
Strathmore,,DISK,CA,7/1/1959 1:00
Castle Rock,,CIGAR,WA,7/1/1959 20:00
Gardner Lake,,OVAL,ME,7/4/1959 20:00
Long Beach,,LIGHT,CA,7/7/1959 23:00
Nort Sutton,,,NH,7/15/1959 12:00
New Albany,,CIGAR,IN,7/15/1959 23:00
Worcester,,OTHER,MA,7/16/1959 18:00
Salem,,DISK,OH,7/19/1959 1:00
Fort Lauderdale,,LIGHT,FL,7/20/1959 21:30
Allendale,,LIGHT,KY,7/22/1959 14:30
Golden,,DISK,TX,8/1/1959 18:00
Reseda,,DISK,CA,8/10/1959 1:30
Troy,,,NY,8/13/1959 21:00
Jewett,,LIGHT,NY,8/13/1959 22:30
Roswell,,,NM,8/15/1959 15:00
Mohave,,LIGHT,CA,8/15/1959 21:00
Lake Bonita,,FIREBALL,NM,8/20/1959 3:00
Fallon,,OVAL,NV,9/15/1959 0:00
Goldfield,,LIGHT,NV,9/15/1959 1:00
Dayton,,DISK,OH,9/15/1959 11:30
New York City,,OTHER,NY,10/1/1959 16:00
Jacksonville,,,IL,10/1/1959 19:00
Duluth,,,WI,10/1/1959 20:45
Duluth,,,WI,10/5/1959 18:30
Rock Hill,,TRIANGLE,SC,10/5/1959 19:00
Marysville,,OTHER,WA,10/15/1959 0:00
Four States,RED,SPHERE,WV,10/16/1959 22:30
Starke,,SPHERE,FL,11/11/1959 20:00
Lafayette,,CIRCLE,IN,11/15/1959 1:30
Los Angeles,,DISK,CA,12/20/1959 18:30
Tehachapi,,FIREBALL,CA,12/30/1959 18:35
Del Mar,,,CA,12/30/1959 23:00
Bristol,,DISK,VA,1/15/1960 22:00
St. Paul,,CIGAR,MN,2/1/1960 22:15
Hartwell,,CIGAR,GA,2/1/1960 23:00
Winston-Salem,,CIGAR,NC,2/18/1960 21:00
Houston,,TRIANGLE,TX,3/12/1960 23:00
Houston,,OTHER,TX,4/1/1960 21:00
Tucson,,LIGHT,AZ,5/1/1960 20:00
Schenectady,,,NY,5/15/1960 0:00
Terre Haute,,OTHER,IN,5/15/1960 18:00
Great Bend,,OTHER,KS,6/1/1960 0:00
Salt Lake City,,DISK,UT,6/1/1960 0:00
Seattle,GREEN,OVAL,WA,6/1/1960 0:00
Yakima,,OTHER,WA,6/1/1960 2:30
Palmdale,,DISK,CA,6/1/1960 12:00
Sacramento,,CIGAR,CA,6/1/1960 12:00
Chadd's Ford,,CYLINDER,PA,6/1/1960 13:00
New Jersey,,CIGAR,NJ,6/1/1960 13:00
Watervliet,,DISK,MI,6/1/1960 18:00
Vassalboro,,OVAL,ME,6/1/1960 20:00
Silverfdale,,VARIOUS,WA,6/1/1960 22:00
Santa Ana,,DISK,CA,6/3/1960 18:00
Cape Canaveral,,FIREBALL,FL,6/6/1960 12:00
Philadelphia,,SPHERE,PA,6/10/1960 18:00
Barstow-Baker,,DISK,CA,6/11/1960 2:00
Great Falls,,FORMATION,MT,6/12/1960 14:30
Quincy,,DISK,CA,6/13/1960 2:00
Baltimore,,OTHER,MD,6/15/1960 21:00
Kansas City,,DISK,KS,6/15/1960 21:45
Chicago,,OVAL,IL,6/18/1960 23:00
East Bernstadt,,DISK,KY,6/21/1960 14:00
Albertson,,,NY,6/30/1960 0:00
Litchfield,,OTHER,PA,6/30/1960 12:00
Portland,,DISK,OR,6/30/1960 20:30
,,DISK,NV,7/1/1960 12:00
Stevens,,OTHER,MN,7/1/1960 12:00
Portland,,,OR,7/1/1960 20:00
New Berlin,,CIRCLE,WI,7/4/1960 21:30
Springdale,,FORMATION,AR,7/7/1960 22:00
La Verne,ORANGE YELLOW,CIRCLE,CA,7/15/1960 1:00
Pacific Coast Highway,,,CA,7/15/1960 10:00
Goldsboro,,SPHERE,NC,7/15/1960 16:00
Amarillo,,DIAMOND,TX,7/15/1960 21:00
Upland,,CIRCLE,CA,7/30/1960 21:00
Allentown,,CYLINDER,PA,8/1/1960 12:00
Taftville,,DISK,CT,8/1/1960 15:00
Boston,,DISK,MA,8/1/1960 18:00
Carteret,,CIGAR,NJ,8/1/1960 18:00
Crystal,,CIRCLE,WI,8/1/1960 23:00
Cherokee,,FIREBALL,NC,8/2/1960 23:00
Belmont,,CIRCLE,NY,8/10/1960 1:00
Watchung,RED,CIGAR,NJ,8/10/1960 18:00
Cottonwood,,,WA,8/13/1960 19:00
Saugus,,CIRCLE,MA,8/15/1960 15:00
Framingham,,OVAL,MA,8/15/1960 16:00
Long Beach,,OTHER,CA,8/17/1960 21:10
Pittsburgh,,SPHERE,PA,8/20/1960 21:30
Dickinson,,CIRCLE,ND,8/28/1960 21:00
Buffalo,,OVAL,NY,9/5/1960 21:00
Wichita,,OVAL,KS,9/10/1960 10:00
Kingsport,ORANGE,CIRCLE,TN,9/15/1960 19:00
Seattle,,DISK,WA,9/15/1960 20:30
Susanville,,,CA,9/15/1960 21:00
Kaneohe,,LIGHT,HI,10/10/1960 20:00
Burnsville,,,MN,10/18/1960 0:00
Westbury,,DISK,NY,11/2/1960 18:00
Sumner,,SPHERE,WA,11/11/1960 2:00
Kansas City,,,KS,11/15/1960 22:00
Santa Clara,,CIRCLE,CA,1/1/1961 12:00
Kendallville,,CIRCLE,IN,1/1/1961 13:00
Lancaster,,DISK,CA,2/2/1961 1:00
Panhandle,,DIAMOND,TX,2/22/1961 20:00
McGuire AFB,RED GREEN,SPHERE,NJ,3/12/1961 21:00
New York City,,CROSS,NY,3/29/1961 0:00
Shenandoah,,LIGHT,PA,4/1/1961 20:00
Altus,,CIRCLE,OK,4/15/1961 21:00
Auburn,,CIGAR,WA,5/1/1961 22:00
Parris Island,,VARIOUS,SC,5/15/1961 4:00
Alpine,,DISK,UT,6/1/1961 0:00
no data,,TEARDROP,NY,6/1/1961 18:00
Opa Locka,,OTHER,FL,6/1/1961 18:00
Carrollton,,,TX,6/10/1961 19:30
Huntsville,,TRIANGLE,AL,6/15/1961 12:00
Richardson,GREEN,LIGHT,TX,6/15/1961 15:00
Frederick,,LIGHT,OK,6/15/1961 20:30
Chicago,,DISK,IL,6/17/1961 19:00
Webster Groves,,CIRCLE,MO,6/20/1961 0:00
Dallas,,DISK,GA,6/22/1961 0:00
Greensboro,,CIGAR,NC,6/30/1961 8:00
Orlando,,DISK,FL,6/30/1961 15:00
La Mirada,ORANGE,CIGAR,CA,6/30/1961 19:00
Rotan,,SPHERE,TX,6/30/1961 22:00
Lawrenceville,,CIRCLE,GA,7/1/1961 21:00
West Haven,,LIGHT,CT,7/8/1961 21:00
Sapulpa,,,OK,7/15/1961 1:00
Gettysburg,,CIGAR,PA,7/15/1961 11:00
Mount Hope,,,WV,7/15/1961 23:00
Newberg,,EGG,OR,7/15/1961 23:30
Arlington Heights,,DISK,IL,7/16/1961 19:50
Mill Valley,,DISK,CA,8/1/1961 0:00
Glenshaw,,DISK,PA,8/5/1961 21:15
Pittsburgh,,SPHERE,PA,8/5/1961 23:00
Palatine,ORANGE,DISK,IL,8/9/1961 20:00
New York City,,DISK,NY,8/15/1961 19:00
Evendale,,,OH,8/30/1961 0:00
Fort Benning,,DISK,GA,9/1/1961 18:46
Toledo,,LIGHT,OH,9/1/1961 20:30
Wahoo,,EGG,NE,9/15/1961 20:00
Toledo,,SPHERE,OH,10/1/1961 3:00
Tulsa,,DISK,OK,10/1/1961 3:30
Nashville,,DISK,TN,10/1/1961 19:00
Graham,,TRIANGLE,NC,10/1/1961 22:00
Bristol,,SPHERE,TN,10/10/1961 19:00
Indialantic,,OVAL,FL,10/15/1961 18:00
Bakersfield,RED,CIRCLE,CA,11/11/1961 23:00
Leesville,,FLASH,SC,11/26/1961 10:00
Bartow,,SPHERE,FL,12/17/1961 21:00
Forestburg,,SPHERE,TX,12/26/1961 20:00
Key West,,SPHERE,FL,1/1/1962 8:00
Fayetteville,,CIRCLE,NC,2/19/1962 21:00
Snohomish,,DIAMOND,WA,3/1/1962 8:00
Wendover,,DISK,UT,3/3/1962 3:00
Clayton,,,NC,3/8/1962 21:00
Camden,,SPHERE,OH,3/15/1962 10:00
Shenandoah,YELLOW,LIGHT,PA,3/31/1962 21:00
Huntingdon,GREEN,,GA,4/15/1962 21:00
Acoma,,CYLINDER,NM,5/15/1962 21:00
Toms River,,DISK,NJ,5/15/1962 21:00
Pittsburg,RED,VARIOUS,OK,5/15/1962 21:30
Whitehouse,,LIGHT,NJ,5/20/1962 23:00
Garland,,DISK,TX,5/30/1962 20:00
Bartlesville,,,OK,6/1/1962 0:00
Charleston,,DISK,SC,6/1/1962 12:00
Ellwood City,,DISK,PA,6/1/1962 12:00
Liberty Homes,,SPHERE,SC,6/1/1962 12:00
San Francisco,,CIRCLE,CA,6/1/1962 19:00
Aurora,,LIGHT,CO,6/1/1962 20:00
Benton,,DISK,IL,6/1/1962 21:30
Lempster,,CIRCLE,NH,6/14/1962 19:45
Castle Rock,,SPHERE,WA,6/15/1962 0:00
Lawrence County,,DISK,IL,6/15/1962 19:30
Booneville,,DISK,NC,6/15/1962 20:00
IL,,DISK,IL,6/15/1962 21:30
Joyce,,OTHER,WA,6/16/1962 23:30
Ossining,,,NY,6/25/1962 2:00
Orlando,,SPHERE,FL,6/30/1962 0:00
Granada Hills,,SPHERE,CA,6/30/1962 2:00
Cadiz,,,CA,6/30/1962 7:00
Royal Oak,,DISK,MI,6/30/1962 17:30
Bethpage,,TRIANGLE,NY,6/30/1962 18:00
Bay Area,,DISK,CA,6/30/1962 19:00
Miami,,OVAL,FL,7/1/1962 0:00
Chicago,,DISK,IL,7/1/1962 22:00
Seattle,,OTHER,WA,7/1/1962 22:00
Spearman,,,TX,7/4/1962 21:00
Lindsay,,CYLINDER,OK,7/7/1962 2:00
Tannersville,,LIGHT,NY,7/10/1962 10:00
Avon-by-the-Sea,ORANGE,VARIOUS,NJ,7/15/1962 2:00
Chicago,,OTHER,IL,7/15/1962 19:00
East Windsor,ORANGE,CIRCLE,CT,7/15/1962 21:00
Frankfort,,OVAL,MI,7/15/1962 21:00
Mentor,,DISK,OH,7/15/1962 21:00
Sunrise Beach,,CYLINDER,MO,7/15/1962 23:00
Burkesville,,DISK,KY,7/20/1962 18:00
Springdale,,LIGHT,AR,7/20/1962 21:00
Rensselaer,,OTHER,NY,7/24/1962 12:00
Savannah,,DISK,GA,8/1/1962 15:00
Beaverton,,TRIANGLE,OR,8/1/1962 19:30
Ship's Bottom,,,NJ,8/1/1962 23:00
Lodi,RED,OTHER,OH,8/8/1962 14:00
Wellington,,,KS,8/10/1962 15:00
Denver,,DISK,CO,8/15/1962 17:30
Nenana,,OVAL,AK,8/15/1962 19:00
Ann Arbor,,DISK,MI,8/15/1962 20:00
Haverhill,,DISK,MA,8/16/1962 12:00
San Juan Island,,DISK,WA,9/1/1962 12:00
Seattle,,CIRCLE,WA,9/1/1962 12:00
Hopewell,,LIGHT,VA,9/1/1962 15:00
St. Louis,,SPHERE,MO,9/4/1962 15:30
Wisconsin,ORANGE,DISK,WI,9/14/1962 17:30
Severn,,,NC,9/15/1962 14:00
Island Beach State Park,,DISK,NJ,9/15/1962 18:00
Savannah,,OVAL,GA,9/29/1962 22:00
Ft. Lee,,,VA,10/15/1962 0:00
Chicago,,OTHER,IL,10/15/1962 22:30
Valparaiso,,CIGAR,FL,11/1/1962 18:00
Pharr,,CHEVRON,TX,11/9/1962 20:30
Alameda Naval Air Station,,,CA,11/15/1962 14:00
Runge,,SPHERE,TX,11/15/1962 21:00
New York City,,CIGAR,NY,12/21/1962 23:21
Markleville,,DISK,CA,1/1/1963 10:00
Helena,,DIAMOND,MT,1/1/1963 22:00
Holyoke,,DISK,MA,1/20/1963 22:00
Cape May Court House,,,NJ,2/21/1963 21:30
Husten,,,TX,2/23/1963 11:30
Normandy Park,,CYLINDER,WA,3/15/1963 13:00
Great Lakes,,DISK,IL,3/15/1963 17:30
Tucson,,TRIANGLE,AZ,4/1/1963 7:00
Vero Beach,,DISK,FL,4/7/1963 20:00
Russellton,,SPHERE,PA,4/10/1963 0:00
Lompoc,,DISK,CA,4/15/1963 19:30
Alexandria,RED,LIGHT,VA,4/20/1963 17:00
Lynn,,DISK,MA,5/7/1963 3:00
New York City,,OTHER,NY,5/15/1963 7:00
Towson,,OVAL,MD,5/15/1963 14:00
Tishimingo,,VARIOUS,OK,5/15/1963 22:00
Emporia,,RECTANGLE,KS,5/30/1963 17:30
Cocoa,,,FL,6/1/1963 0:00
Houston,,,TX,6/1/1963 0:00
San Francisco,,DISK,CA,6/1/1963 0:00
St. Louis County,,CIGAR,MO,6/1/1963 2:00
Williamsport,RED,OTHER,MD,6/1/1963 8:00
Gonzales,,CIGAR,TX,6/1/1963 8:30
Albemarle,,DISK,NC,6/1/1963 11:00
Houston,,CIGAR,TX,6/1/1963 12:00
Kirksey,,TRIANGLE,KY,6/1/1963 13:00
Waukegan,,FORMATION,IL,6/1/1963 16:00
Royal Oak,RED,TRIANGLE,MI,6/1/1963 18:00
Laguna Beach,,LIGHT,CA,6/1/1963 20:00
Rodeo,,SPHERE,CA,6/1/1963 21:00
Big Kandiyohi Lake,,LIGHT,MN,6/1/1963 22:00
Colorado Springs,,DISK,CO,6/1/1963 23:00
Fort Collins,,CIGAR,CO,6/10/1963 3:00
Menasha,,CIRCLE,WI,6/11/1963 11:00
Hollywood,,DISK,FL,6/15/1963 1:00
Milford,,OTHER,CT,6/15/1963 3:00
Washougal,,,WA,6/15/1963 3:33
North St. Paul,,DISK,MN,6/15/1963 11:30
Jonesboro,,CIGAR,AR,6/15/1963 18:00
Sacramento,,CYLINDER,CA,6/15/1963 18:15
Newaygo,,SPHERE,MI,6/15/1963 19:00
Trion,,CIRCLE,GA,6/15/1963 21:00
Newburgh,,OTHER,NY,6/15/1963 22:00
Mansfield,,LIGHT,CT,6/27/1963 19:00
Johnstown,,RECTANGLE,PA,6/30/1963 0:00
Zebulon,,OTHER,NC,6/30/1963 0:00
Newark,,DISK,TX,6/30/1963 6:00
Salt Lake City,,DISK,UT,6/30/1963 13:00
Anaheim,,DISK,CA,6/30/1963 14:00
New York City,,OVAL,NY,7/1/1963 16:00
Jonesboro,,DISK,AR,7/1/1963 18:00
Lincoln,,OTHER,MO,7/1/1963 21:00
Lincoln,,OTHER,MO,7/1/1963 21:12
Tucson,,OTHER,AZ,7/2/1963 19:30
East Vassalboro,ORANGE,TRIANGLE,ME,7/3/1963 21:00
Evanston,,DISK,IL,7/10/1963 20:00
Albert Lea,BLUE,OVAL,MN,7/11/1963 20:00
Hornell,,,NY,7/14/1963 21:30
Mantua,,CIRCLE,NJ,7/15/1963 0:00
Weingarten,,DISK,MO,7/15/1963 0:00
Kimberling City,,DISK,MO,7/15/1963 10:30
Great Lakes,,DISK,IL,7/15/1963 18:00
Great Lakes,,CIRCLE,IL,7/15/1963 21:00
Virginia Beach,,CIRCLE,VA,7/15/1963 21:00
Oklahoma City,,LIGHT,OK,7/15/1963 22:00
Santa Ana,,LIGHT,CA,7/15/1963 22:30
Portland,,SPHERE,OR,7/15/1963 23:00
Boston,,TRIANGLE,MA,7/17/1963 9:00
Tupelo,,DISK,MS,7/20/1963 19:30
Amsterdam,,DISK,NY,8/1/1963 2:00
Compton,,LIGHT,CA,8/1/1963 22:00
Wenatchee,,FORMATION,WA,8/1/1963 22:00
Fresno,,OTHER,CA,8/10/1963 22:00
Riverside,,DISK,OH,8/12/1963 21:00
Claycomo,,,MO,8/15/1963 6:00
Camas,,,WA,8/20/1963 2:30
Broadalbin,,LIGHT,NY,8/23/1963 22:00
Belchertown,BLUE,,MA,8/25/1963 22:00
New York City,,CIRCLE,NY,10/3/1963 21:00
Millington,,DISK,NJ,10/4/1963 0:00
Prince George,,DISK,VA,10/4/1963 19:10
Laurel,,OVAL,MS,10/9/1963 21:30
Danville,,DISK,IN,10/20/1963 19:00
Engelwood Cliffs,,,NJ,11/1/1963 0:00
Rome,,OVAL,GA,12/10/1963 23:00
El Cerrito,,FIREBALL,CA,1/10/1964 20:00
Omaha,,SPHERE,NE,1/25/1964 20:30
Bristow,,,OK,3/1/1964 20:00
Cherry Valley,,CIRCLE,CA,3/29/1964 21:00
Fries,,CYLINDER,VA,3/30/1964 13:00
Miami,,OTHER,FL,4/3/1964 18:00
Valley Station,,OTHER,KY,4/15/1964 19:00
Bancroft,,LIGHT,MI,4/15/1964 20:30
Seattle,,DISK,WA,4/15/1964 22:00
Orangevale,,LIGHT,CA,5/1/1964 22:00
Rangely,,,CO,5/5/1964 1:00
Pineville,,,KY,5/10/1964 2:00
Hardwick,,DISK,VT,5/15/1964 10:15
Texarkana,,DISK,AR,5/15/1964 12:00
Covina,,CIGAR,CA,5/15/1964 15:00
Covina,,CIGAR,CA,5/15/1964 15:00
Walden,,CIGAR,VT,5/15/1964 19:30
Cave Springs,,,GA,5/16/1964 8:00
Haltom City,,LIGHT,TX,6/1/1964 4:30
Sallisaw,,LIGHT,OK,6/1/1964 15:00
Butler,,,PA,6/1/1964 16:00
Los Angeles,,DISK,CA,6/1/1964 20:00
North Yakima,BLUE,CIRCLE,WA,6/1/1964 21:30
New York City,,DISK,NY,6/5/1964 10:00
Baltimore,,SPHERE,MD,6/9/1964 21:00
Montrose,BLUE,LIGHT,CO,6/10/1964 3:00
Chicago,ORANGE,CIRCLE,IL,6/10/1964 22:00
Auburndale,,CIRCLE,MA,6/11/1964 20:15
Dedham,,CIRCLE,MA,6/11/1964 21:40
Reno,,DISK,NV,6/14/1964 13:00
Winnamucca,,LIGHT,NV,6/15/1964 1:00
Miami,,LIGHT,FL,6/15/1964 6:00
Great Falls,,SPHERE,MT,6/15/1964 11:00
Tulsa,,CIRCLE,OK,6/15/1964 13:00
Milan,RED,SPHERE,TN,6/15/1964 21:00
Anchorville,,DISK,MI,6/15/1964 21:30
Marble Falls,,LIGHT,TX,6/15/1964 22:00
Destrehan,,LIGHT,LA,6/15/1964 23:00
Tucson,,TRIANGLE,AZ,6/19/1964 20:00
Thompson,,DISK,GA,6/22/1964 14:00
Alexandria,RED,DISK,VA,6/28/1964 21:00
Atlanta,,VARIOUS,GA,6/29/1964 21:50
Ontonagon,,RECTANGLE,MI,6/30/1964 1:00
Hoquiam,,OTHER,WA,6/30/1964 14:00
Ft. Wayne,,TRIANGLE,IN,6/30/1964 18:00
Lewistown,,OTHER,IL,6/30/1964 21:30
Paloma,ORANGE,OTHER,CA,6/30/1964 22:00
Laurel Springs,,OTHER,NJ,7/1/1964 12:00
Omaha,,DISK,NE,7/1/1964 20:00
Wautoma,,LIGHT,WI,7/7/1964 21:30
no data,,LIGHT,PA,7/8/1964 0:00
Chicago,,DISK,IL,7/9/1964 22:30
Defiance,,LIGHT,OH,7/10/1964 22:00
Drew,,CIRCLE,OR,7/12/1964 12:00
Hamilton,RED,OVAL,MT,7/14/1964 13:00
Dayton,,DISK,OH,7/15/1964 8:00
Brunswick,,FORMATION,GA,7/15/1964 12:00
Washington,,OTHER,MO,7/15/1964 15:00
Fishersville,,FIREBALL,VA,7/15/1964 19:00
Las Vegas,,CIRCLE,NV,7/15/1964 23:00
Rosebush,,,MI,7/16/1964 1:00
New Jersey,,LIGHT,NJ,7/20/1964 20:00
Holden,,LIGHT,MA,7/31/1964 22:00
Stonington,,DISK,CT,8/1/1964 6:00
Chicago,,FORMATION,IL,8/1/1964 9:30
Duquesne,,CIGAR,PA,8/1/1964 15:00
Samuel-,,FIREBALL,KY,8/1/1964 19:30
Charlestown,,LIGHT,RI,8/1/1964 20:00
Morro Bay,,TRIANGLE,CA,8/1/1964 21:00
Boston,,CIRCLE,MA,8/4/1964 9:30
Bonfield,,DIAMOND,IL,8/12/1964 0:00
Taylorville,,DISK,IL,8/13/1964 23:30
Portland,,CIRCLE,ME,8/14/1964 23:00
St. Louis,,FIREBALL,MO,8/15/1964 20:00
Atlantic Ocean,,CIGAR,VA,8/15/1964 21:00
Los Angeles,,CROSS,CA,8/20/1964 13:00
St. Petersburg,,,FL,8/20/1964 22:45
Florence,,DISK,AL,8/22/1964 18:40
Oxen Hill,,OVAL,MD,9/1/1964 20:00
East Hartford,,FIREBALL,CT,9/1/1964 20:30
New York City,,DISK,NY,9/5/1964 21:00
Spartanburg,,DISK,SC,9/10/1964 22:00
Crescent Junction,,DISK,UT,9/15/1964 2:00
Arcade,,DISK,NY,9/15/1964 20:00
Yakima,,DISK,WA,9/15/1964 21:00
Cowpens,,DISK,SC,9/15/1964 22:00
Monterey,,DISK,CA,9/15/1964 22:30
Chicago,,SPHERE,IL,9/20/1964 20:00
Mt. Prospect,,DISK,IL,9/25/1964 19:00
Mt. Prospect,,DISK,IL,9/25/1964 19:00
Wilmington,,,DE,9/30/1964 0:00
Terrebonne,,CIGAR,OR,10/5/1964 16:45
Bettendorf,,OTHER,TX,10/14/1964 2:00
Columbus,,CIGAR,OH,10/15/1964 0:00
New Iberia,,CIRCLE,LA,10/20/1964 12:00
Detroit,,CIRCLE,MI,10/20/1964 21:00
Cotullia,,SPHERE,TX,11/1/1964 18:00
Glen Allen,,DISK,VA,11/12/1964 20:00
Memphis,,CIRCLE,TN,11/15/1964 22:00
Memphis,,SPHERE,TN,11/15/1964 22:00
Memphis,,CIRCLE,TN,11/22/1964 22:00
Mokena,,LIGHT,IL,1/1/1965 17:00
Conway,,LIGHT,AR,1/1/1965 20:00
St. Ansgar,,FIREBALL,IA,1/1/1965 20:00
Indianapolis,,CIRCLE,IN,2/1/1965 7:30
Seattle,,SPHERE,WA,2/2/1965 6:00
Chicago,,OVAL,IL,2/15/1965 17:00
Metairie,,CIRCLE,LA,2/16/1965 21:00
Jonesboro,BLUE,DISK,GA,3/15/1965 14:00
Waterville,,EGG,ME,3/15/1965 17:00
Austin,,,TX,4/1/1965 5:30
Schertz,,DISK,TX,4/1/1965 15:30
Nesquehoning,,TRIANGLE,PA,4/1/1965 22:30
Daytona Beach,,CIGAR,FL,4/14/1965 23:00
Tampa,,DISK,FL,4/15/1965 12:00
Orlando,,DISK,FL,4/20/1965 19:00
Newtown Square,,TRIANGLE,PA,4/28/1965 0:00
Guernsey,,SPHERE,WY,5/1/1965 13:00
York County,,OVAL,PA,5/1/1965 15:30
Appelton,,DISK,WI,5/1/1965 16:30
St. Louis County,,CIGAR,MO,5/5/1965 5:35
Scotland,,OTHER,AR,5/5/1965 17:00
Massapequa Park,,OVAL,NY,5/12/1965 21:00
Burlington,,DISK,WA,5/15/1965 7:30
Gadsden,,SPHERE,AL,5/15/1965 14:00
La Mesa,,DISK,CA,5/15/1965 15:00
Shasta Lake,,DISK,CA,5/31/1965 13:00
Norman,,DISK,OK,6/1/1965 0:00
St. Louis,,SPHERE,MO,6/1/1965 1:00
Deming,,DISK,NM,6/1/1965 5:00
Laconia,ORANGE,CYLINDER,NH,6/1/1965 9:00
Marathon,,DISK,WI,6/1/1965 11:00
Knobnoster,,OVAL,MO,6/1/1965 12:00
Long Beach,,CYLINDER,CA,6/1/1965 13:00
Scottsville,,LIGHT,KY,6/1/1965 13:00
Lakewood,,DISK,OH,6/1/1965 15:00
Newport,,LIGHT,NH,6/1/1965 19:00
Chicago,,LIGHT,IL,6/1/1965 20:00
Fallon,,,NV,6/1/1965 20:00
Miami,,OVAL,FL,6/1/1965 20:00
Rochester,,SPHERE,NY,6/1/1965 21:00
San Lorenzo,,LIGHT,CA,6/1/1965 21:00
Toledo,,SPHERE,OH,6/1/1965 21:00
Caliham,,LIGHT,TX,6/6/1965 2:45
College Park,,CIRCLE,GA,6/6/1965 17:00
Rustburg,,LIGHT,VA,6/8/1965 21:00